W,400
W,400
W,400
W,400
W,400
W,400
W,400
W,400
W,400
W,400
W,400
W,400
W,400
W,400
W,400
W,400
W,400
W,400
W,400
W,400
W,400
W,400
W,400
W,400
W,400
W,400
W,400
W,400
W,400
W,400
W,400
W,400
W,400
W,400
W,400
W,400
W,400
W,400
W,400
W,400
W,400
W,400
W,400
W,400
W,400
W,400
W,400
W,400
W,400
W,400
W,400
W,400
W,400
W,400
W,400
W,400
W,400
W,400
W,400
W,400
W,400
W,400
W,400
W,400
W,400
W,400
W,400
W,400
W,400
W,400
W,400
W,400
W,400
W,400
W,400
W,400
W,400
W,400
W,400
W,400
W,400
W,400
W,400
W,400
W,400
W,400
W,400
W,400
W,400
W,400
W,400
W,400
W,400
W,400
W,400
W,400
W,400
W,400
W,400
W,400
W,400
W,400
W,400
W,400
W,400
W,400
W,400
W,400
W,400
W,400
W,400
W,400
W,400
W,400
W,400
W,400
W,400
W,400
W,400
W,400
W,400
W,400
W,400
W,400
W,400
W,400
W,400
W,400
W,400
W,400
W,400
W,400
W,400
W,400
W,400
W,400
W,400
W,400
W,400
W,400
W,400
W,400
W,400
W,400
W,400
W,400
W,400
W,400
W,400
W,400
W,400
W,400
W,400
W,400
W,400
W,400
W,400
W,400
W,400
W,400
W,400
W,400
W,400
W,400
W,400
W,400
W,400
W,400
W,400
W,400
W,400
W,400
W,400
W,400
W,400
W,400
W,400
W,400
W,400
W,400
W,400
W,400
W,400
W,400
W,400
W,400
W,400
W,400
W,400
W,400
W,400
W,400
W,400
W,400
W,400
W,400
W,400
W,400
W,400
W,400
W,400
W,400
W,400
W,400
W,400
W,400
W,400
W,400
W,400
W,400
W,400
W,400
W,400
W,400
W,400
W,400
W,400
W,400
W,400
W,400
W,400
W,400
W,400
W,400
W,400
W,400
W,400
W,400
W,400
W,400
W,400
W,400
W,400
W,400
W,400
W,400
W,400
W,400
W,400
W,400
W,400
W,400
W,400
W,400
W,400
W,400
W,400
W,400
W,400
W,400
W,400
W,400
W,400
W,400
W,400
W,400
W,400
W,400
W,400
W,400
W,400
W,400
W,400
W,400
W,400
W,400
W,400
W,400
W,400
W,400
W,400
W,400
W,400
W,400
W,400
W,400
W,400
W,400
W,400
W,400
W,400
W,400
W,400
W,400
W,400
W,400
W,400
W,400
W,400
W,400
W,400
W,400
W,400
W,400
W,400
W,400
W,400
W,400
W,400
W,400
W,400
W,400
W,400
W,400
W,400
W,400
W,400
W,400
W,400
W,400
W,400
W,400
W,400
W,400
W,400
W,400
W,400
W,400
W,400
W,400
W,400
W,400
W,400
W,400
W,400
W,400
W,400
W,400
W,400
W,400
W,400
W,400
W,400
W,400
W,400
W,400
W,400
W,400
W,400
W,400
W,400
W,400
W,400
W,400
W,400
W,400
W,400
W,400
W,400
W,400
W,400
W,400
W,400
W,400
W,400
W,400
W,400
W,400
W,400
W,400
W,400
W,400
W,400
W,400
W,400
W,400
W,400
W,400
W,400
W,400
W,400
W,400
W,400
W,400
W,400
W,400
W,400
W,400
W,400
W,400
W,400
W,400
W,400
W,400
W,400
W,400
W,400
W,400
W,400
W,400
W,400
W,400
W,400
W,400
W,400
W,400
W,400
W,400
W,400
W,400
W,400
W,400
W,400
W,400
W,400
W,400
W,400
W,400
W,400
W,400
W,400
W,400
W,400
W,400
W,400
W,400
W,400
W,400
W,400
W,400
W,400
W,400
W,400
W,400
W,400
W,400
W,400
W,400
W,400
W,400
W,400
W,400
W,400
W,400
W,400
W,400
W,400
W,400
W,400
W,400
W,400
W,400
W,400
W,400
W,400
W,400
W,400
W,400
W,400
W,400
W,400
W,400
W,400
W,400
W,400
W,400
W,400
W,400
W,400
W,400
W,400
W,400
W,400
W,400
W,400
W,400
W,400
W,400
W,400
W,400
W,400
W,400
W,400
W,400
W,400
W,400
W,400
W,400
W,400
W,400
W,400
W,400
W,400
W,400
W,400
W,400
W,400
W,400
W,400
W,400
W,400
W,400
W,400
W,400
W,400
W,400
W,400
W,400
W,400
W,400
W,400
W,400
W,400
W,400
W,400
W,400
W,400
W,400
W,400
W,400
W,400
W,400
W,400
W,400
W,400
W,400
W,400
W,400
W,400
W,400
W,400
W,400
W,400
W,400
W,400
W,400
W,400
W,400
W,400
W,400
W,400
W,400
W,400
W,400
W,400
W,400
W,400
W,400
W,400
W,400
W,400
W,400
W,400
W,400
W,400
W,400
W,400
W,400
W,400
W,400
W,400
W,400
W,400
W,400
W,400
W,400
W,400
W,400
W,400
W,400
W,400
W,400
W,400
W,400
W,400
W,400
W,400
W,400
W,400
W,400
W,400
W,400
W,400
W,400
W,400
W,400
W,400
W,400
W,400
W,400
W,400
W,400
W,400
W,400
W,400
W,400
W,400
W,400
W,400
W,400
W,400
W,400
W,400
W,400
W,400
W,400
W,400
W,400
W,400
W,400
W,400
W,400
W,400
W,400
W,400
W,400
W,400
W,400
W,400
W,400
W,400
W,400
W,400
W,400
W,400
W,400
W,400
W,400
W,400
W,400
W,400
W,400
W,400
W,400
W,400
W,400
W,400
W,400
W,400
W,400
W,400
W,400
W,400
W,400
W,400
W,400
W,400
W,400
W,400
W,400
W,400
W,400
W,400
W,400
W,400
W,400
W,400
W,400
W,400
W,400
W,400
W,400
W,400
W,400
W,400
W,400
W,400
W,400
W,400
W,400
W,400
W,400
W,400
W,400
W,400
W,400
W,400
W,400
W,400
W,400
W,400
W,400
W,400
W,400
W,400
W,400
W,400
W,400
W,400
W,400
W,400
W,400
W,400
W,400
W,400
W,400
W,400
W,400
W,400
W,400
W,400
W,400
W,400
W,400
W,400
W,400
W,400
W,400
W,400
W,400
W,400
W,400
W,400
W,400
W,400
W,400
W,400
W,400
W,400
W,400
W,400
W,400
W,400
W,400
W,400
W,400
W,400
W,400
W,400
W,400
W,400
W,400
W,400
W,400
W,400
W,400
W,400
W,400
W,400
W,400
W,400
W,400
W,400
W,400
W,400
W,400
W,400
W,400
W,400
W,400
W,400
W,400
W,400
W,400
W,400
W,400
W,400
W,400
W,400
W,400
W,400
W,400
W,400
W,400
W,400
W,400
W,400
W,400
W,400
W,400
W,400
W,400
W,400
W,400
W,400
W,400
W,400
W,400
W,400
W,400
W,400
W,400
W,400
W,400
W,400
W,400
W,400
W,400
W,400
W,400
W,400
W,400
W,400
W,400
W,400
W,400
W,400
W,400
W,400
W,400
W,400
W,400
W,400
W,400
W,400
W,400
W,400
W,400
W,400
W,400
W,400
W,400
W,400
W,400
W,400
W,400
W,400
W,400
W,400
W,400
W,400
W,400
W,400
W,400
W,400
W,400
W,400
W,400
W,400
W,400
W,400
W,400
W,400
W,400
W,400
W,400
W,400
W,400
W,400
W,400
W,400
W,400
W,400
W,400
W,400
W,400
W,400
W,400
W,400
W,400
W,400
W,400
W,400
W,400
W,400
W,400
W,400
W,400
W,400
W,400
W,400
W,400
W,400
W,400
W,400
W,400
W,400
W,400
W,400
W,400
W,400
W,400
W,400
W,400
W,400
W,400
W,400
W,400
W,400
W,400
W,400
W,400
W,400
W,400
W,400
W,400
W,400
W,400
W,400
W,400
W,400
W,400
W,400
W,400
W,400
W,400
W,400
W,400
W,400
W,400
W,400
W,400
W,400
W,400
W,400
W,400
W,400
W,400
W,400
W,400
W,400
W,400
W,400
W,400
W,400
W,400
W,400
W,400
W,400
W,400
W,400
W,400
W,400
W,400
W,400
W,400
W,400
W,400
W,400
W,400
W,400
W,400
W,400
W,400
W,400
W,400
W,400
W,400
W,400
W,400
W,400
W,400
W,400
W,400
W,400
W,400
W,400
W,400
W,400
W,400
W,400
W,400
W,400
W,400
W,400
W,400
W,400
W,400
W,400
W,400
W,400
W,400
W,400
W,400
W,400
W,400
W,400
W,400
W,400
W,400
W,400
W,400
W,400
W,400
W,400
W,400
W,400
W,400
W,400
W,400
W,400
W,400
W,400
W,400
W,400
W,400
W,400
W,400
W,400
W,400
W,400
W,400
W,400
W,400
W,400
W,400
W,400
W,400
W,400
W,400
W,400
W,400
W,400
W,400
W,400
W,400
W,400
W,400
W,400
W,400
W,400
W,400
W,400
W,400
W,400
W,400
W,400
W,400
W,400
W,400
W,400
W,400
W,400
W,400
W,400
W,400
W,400
W,400
W,400
W,400
W,400
W,400
W,400
W,400
W,400
W,400
W,400
W,400
W,400
W,400
W,400
W,400
W,400
W,400
W,400
W,400
W,400
W,400
W,400
W,400
W,400
W,400
W,400
W,400
W,400
W,400
W,400
W,400
W,400
W,400
W,400
W,400
W,400
W,400
W,400
W,400
W,400
W,400
W,400
W,400
W,400
W,400
W,400
W,400
W,400
W,400
W,400
W,400
W,400
W,400
W,400
W,400
W,400
W,400
W,400
W,400
W,400
W,400
W,400
W,400
W,400
W,400
W,400
W,400
W,400
W,400
W,400
W,400
W,400
W,400
W,400
W,400
W,400
W,400
W,400
W,400
W,400
W,400
W,400
W,400
W,400
W,400
W,400
W,400
W,400
W,400
W,400
W,400
W,400
W,400
W,400
W,400
W,400
W,400
W,400
W,400
W,400
W,400
W,400
W,400
W,400
W,400
W,400
W,400
W,400
W,400
W,400
W,400
W,400
W,400
W,400
W,400
W,400
W,400
W,400
W,400
W,400
W,400
W,400
W,400
W,400
W,400
W,400
W,400
W,400
W,400
W,400
W,400
W,400
W,400
W,400
W,400
W,400
W,400
W,400
W,400
W,400
W,400
W,400
W,400
W,400
W,400
W,400
W,400
W,400
W,400
W,400
W,400
W,400
W,400
W,400
W,400
W,400
W,400
W,400
W,400
W,400
W,400
W,400
W,400
W,400
W,400
W,400
W,400
W,400
W,400
W,400
W,400
W,400
W,400
W,400
W,400
W,400
W,400
W,400
W,400
W,400
W,400
W,400
W,400
W,400
W,400
W,400
W,400
W,400
W,400
W,400
W,400
W,400
W,400
W,400
W,400
W,400
W,400
W,400
W,400
W,400
W,400
W,400
W,400
W,400
W,400
W,400
W,400
W,400
W,400
W,400
W,400
W,400
W,400
W,400
W,400
W,400
W,400
W,400
W,400
W,400
W,400
W,400
W,400
W,400
W,400
W,400
W,400
W,400
W,400
W,400
W,400
W,400
W,400
W,400
W,400
W,400
W,400
W,400
W,400
W,400
W,400
W,400
W,400
W,400
W,400
W,400
W,400
W,400
W,400
W,400
W,400
W,400
W,400
W,400
W,400
W,400
W,400
W,400
W,400
W,400
W,400
W,400
W,400
W,400
W,400
W,400
W,400
W,400
W,400
W,400
W,400
W,400
W,400
W,400
W,400
W,400
W,400
W,400
W,400
W,400
W,400
W,400
W,400
W,400
W,400
W,400
W,400
W,400
W,400
W,400
W,400
W,400
W,400
W,400
W,400
W,400
W,400
W,400
W,400
W,400
W,400
W,400
W,400
W,400
W,400
W,400
W,400
W,400
W,400
W,400
W,400
W,400
W,400
W,400
W,400
W,400
W,400
W,400
W,400
W,400
W,400
W,400
W,400
W,400
W,400
W,400
W,400
W,400
W,400
W,400
W,400
W,400
W,400